Symbol_TF,Entry,Entry_Param,Exit,Exit_Param,PnL%,PnL_USD,Win_Rate%,Trades
ETHUSDT_1d,RSI,40.0,BB_Exit_B,0.85,429.94,42994.31,94.44,18
BTCUSDT_1d,RSI,40.0,BB_Exit_B,0.85,242.57,24256.7,94.74,19
BTCUSDT_1d,RSI,40.0,BB_Exit_B,0.8,236.98,23697.54,94.74,19
BTCUSDT_1d,KAMA_SuperTrend,,BB_Exit_A,,234.7,23470.12,97.37,38
ETHUSDT_1d,RSI,40.0,BB_Exit_B,0.9,219.31,21930.66,92.31,13
BTCUSDT_1d,BB_Reversal,,BB_Exit_B,0.75,210.6,21059.65,95.45,22
ETHUSDT_1d,RSI,40.0,BB_Exit_A,,202.52,20251.76,95.0,20
ETHUSDT_1d,KAMA_SuperTrend,,BB_Exit_A,,201.41,20141.19,96.43,28
BTCUSDT_1d,RSI,40.0,BB_Exit_B,0.75,195.01,19501.3,95.0,20
BTCUSDT_1d,RSI,40.0,BB_Exit_B,0.9,189.42,18941.58,93.33,15
BTCUSDT_1d,BB_Reversal,,BB_Exit_A,,188.87,18886.59,95.0,20
ETHUSDT_1d,RSI,40.0,BB_Exit_B,0.65,188.4,18839.95,95.24,21
ETHUSDT_1d,RSI,40.0,BB_Exit_B,0.7,186.63,18663.37,95.24,21
BTCUSDT_1d,KAMA_SuperTrend,,RSI,50.0,182.41,18241.0,97.3,37
BTCUSDT_1d,RSI,40.0,SuperTrend,,182.34,18233.57,95.24,21
BTCUSDT_1d,RSI,40.0,BB_Exit_A,,181.97,18196.54,95.65,23
ETHUSDT_1d,KAMA_SuperTrend,,BB_Exit_B,0.85,181.37,18136.85,90.91,11
BTCUSDT_1d,KAMA_SuperTrend,,SuperTrend,,174.99,17499.13,94.12,17
BTCUSDT_1d,RSI,30.0,BB_Exit_B,0.9,174.36,17436.19,87.5,8
ETHUSDT_1d,RSI,40.0,BB_Exit_B,0.75,172.14,17213.94,95.0,20
ETHUSDT_1d,RSI,40.0,BB_Exit_B,0.6,169.56,16956.41,95.45,22
ETHUSDT_1d,RSI,40.0,BB_Exit_B,0.8,167.67,16767.05,95.0,20
ETHUSDT_4h,RSI,25.0,BB_Exit_B,0.7,167.57,16756.91,100.0,22
ETHUSDT_1d,KAMA_SuperTrend,,BB_Exit_B,0.9,166.37,16637.24,88.89,9
BTCUSDT_4h,RSI,30.0,BB_Exit_B,0.9,164.89,16488.51,96.15,26
ETHUSDT_1h,BB_Reversal,,RSI,40.0,159.75,15974.55,99.37,158
BTCUSDT_1h,BB_Reversal,,BB_Exit_B,0.8,158.04,15803.68,99.08,109
ETHUSDT_4h,RSI,25.0,BB_Exit_B,0.75,157.54,15754.21,100.0,22
ETHUSDT_4h,RSI,25.0,BB_Exit_B,0.8,156.99,15699.09,100.0,22
BTCUSDT_4h,RSI,25.0,SuperTrend,,156.85,15685.2,100.0,22
BTCUSDT_1h,BB_Reversal,,BB_Exit_B,0.75,156.08,15607.86,99.12,114
BTCUSDT_1h,BB_Reversal,,BB_Exit_B,0.7,153.79,15378.6,99.17,121
BTCUSDT_1d,KAMA_SuperTrend,,RSI,45.0,152.08,15208.46,98.11,53
BTCUSDT_1d,KAMA_SuperTrend,,RSI,40.0,150.26,15025.51,98.18,55
ETHUSDT_1h,RSI,20.0,BB_Exit_B,0.9,150.08,15008.0,97.14,35
BTCUSDT_1d,BB_Reversal,,SuperTrend,,149.12,14912.42,94.44,18
ETHUSDT_1h,RSI,20.0,RSI,60.0,148.9,14890.26,97.83,46
BTCUSDT_1h,BB_Reversal,,BB_Exit_B,0.65,148.13,14812.9,99.19,124
BTCUSDT_1h,BB_Reversal,,BB_Exit_B,0.9,144.99,14498.83,98.81,84
ETHUSDT_1d,KAMA_SuperTrend,,RSI,50.0,144.31,14430.88,96.67,30
BTCUSDT_4h,RSI,25.0,RSI,60.0,143.9,14390.13,100.0,20
BTCUSDT_1h,BB_Reversal,,BB_Exit_B,0.6,143.22,14322.13,99.21,126
BTCUSDT_1d,BB_Reversal,,BB_Exit_B,0.7,142.74,14274.21,95.45,22
BTCUSDT_1d,BB_Reversal,,BB_Exit_B,0.65,141.15,14115.09,95.45,22
ETHUSDT_1d,KAMA_SuperTrend,,RSI,45.0,140.52,14052.37,97.92,48
BTCUSDT_1h,BB_Reversal,,BB_Exit_B,0.85,139.44,13943.63,98.98,98
BTCUSDT_1d,BB_Reversal,,BB_Exit_B,0.6,137.17,13716.52,95.45,22
BTCUSDT_1h,RSI,40.0,RSI,60.0,136.9,13689.96,98.81,84
ETHUSDT_1d,KAMA_SuperTrend,,RSI,40.0,136.36,13636.32,98.25,57
BTCUSDT_1h,RSI,40.0,SuperTrend,,134.7,13469.84,98.96,96
BTCUSDT_1h,KAMA_SuperTrend,,RSI,50.0,133.51,13351.24,99.48,192
BTCUSDT_1h,RSI,40.0,RSI,50.0,133.23,13323.29,99.22,129
BTCUSDT_1h,KAMA_SuperTrend,,RSI,60.0,132.57,13256.59,98.85,87
BTCUSDT_1h,KAMA_SuperTrend,,RSI,45.0,131.83,13182.95,99.62,262
ETHUSDT_4h,RSI,25.0,BB_Exit_B,0.65,131.56,13155.73,100.0,22
ETHUSDT_4h,RSI,20.0,BB_Exit_B,0.75,130.56,13056.02,100.0,11
ETHUSDT_4h,RSI,20.0,BB_Exit_B,0.8,130.56,13056.02,100.0,11
BTCUSDT_1d,RSI,40.0,RSI,50.0,128.65,12864.81,95.65,23
BTCUSDT_1d,KAMA_SuperTrend,,BB_Exit_B,0.75,128.08,12808.32,96.15,26
BTCUSDT_1h,KAMA_SuperTrend,,RSI,40.0,127.83,12783.02,99.66,292
ETHUSDT_4h,RSI,25.0,BB_Exit_B,0.6,127.61,12760.62,100.0,22
BTCUSDT_1d,RSI,40.0,BB_Exit_B,0.7,126.44,12643.84,95.0,20
ETHUSDT_4h,RSI,20.0,BB_Exit_B,0.7,126.07,12606.55,100.0,12
BTCUSDT_1d,KAMA_SuperTrend,,RSI,60.0,124.48,12447.52,94.44,18
BTCUSDT_1d,RSI,40.0,BB_Exit_B,0.65,123.75,12375.05,95.0,20
ETHUSDT_1h,RSI,20.0,SuperTrend,,122.68,12267.75,97.83,46
BTCUSDT_4h,RSI,40.0,BB_Exit_B,0.8,121.65,12164.85,96.0,25
BTCUSDT_1h,BB_Reversal,,BB_Exit_A,,119.68,11968.48,99.42,173
BTCUSDT_1h,BB_Reversal,,RSI,45.0,118.97,11897.19,99.54,218
BTCUSDT_1d,RSI,40.0,BB_Exit_B,0.6,118.84,11883.68,95.0,20
BTCUSDT_4h,RSI,30.0,BB_Exit_B,0.85,117.77,11777.42,96.15,26
BTCUSDT_4h,BB_Reversal,,BB_Exit_B,0.75,117.38,11737.95,96.43,28
BTCUSDT_4h,RSI,25.0,BB_Exit_B,0.85,116.52,11651.61,100.0,22
BTCUSDT_4h,RSI,40.0,BB_Exit_B,0.6,116.49,11648.83,97.62,42
BTCUSDT_4h,RSI,40.0,BB_Exit_B,0.75,116.01,11600.62,96.55,29
ETHUSDT_1d,KAMA_SuperTrend,,BB_Exit_B,0.65,115.14,11513.79,95.45,22
ETHUSDT_1d,KAMA_SuperTrend,,BB_Exit_B,0.7,115.14,11513.79,95.24,21
BTCUSDT_1d,BB_Reversal,,BB_Exit_B,0.8,114.62,11462.0,94.12,17
BTCUSDT_1h,KAMA_SuperTrend,,SuperTrend,,114.39,11438.57,98.8,83
BTCUSDT_1d,RSI,40.0,RSI,60.0,113.81,11380.82,93.75,16
ETHUSDT_1d,KAMA_SuperTrend,,BB_Exit_B,0.6,112.8,11280.47,96.0,25
ETHUSDT_4h,RSI,20.0,BB_Exit_B,0.65,112.7,11270.29,100.0,17
ETHUSDT_4h,RSI,25.0,RSI,50.0,111.88,11188.03,100.0,23
BTCUSDT_1h,RSI,30.0,BB_Exit_B,0.8,109.04,10904.31,98.39,62
BTCUSDT_1h,RSI,40.0,RSI,45.0,108.79,10878.91,99.38,161
BTCUSDT_4h,RSI,25.0,RSI,50.0,107.88,10788.2,100.0,22
ETHUSDT_4h,RSI,25.0,RSI,45.0,107.73,10773.15,100.0,24
ETHUSDT_4h,RSI,20.0,BB_Exit_B,0.6,106.75,10675.0,100.0,17
BTCUSDT_1h,KAMA_SuperTrend,,BB_Exit_A,,106.4,10639.56,99.4,168
BTCUSDT_4h,RSI,25.0,BB_Exit_B,0.9,106.37,10637.38,100.0,20
BTCUSDT_1d,BB_Reversal,,BB_Exit_B,0.85,106.33,10632.98,93.75,16
ETHUSDT_4h,RSI,30.0,RSI,50.0,106.08,10608.38,96.55,29
ETHUSDT_1h,RSI,20.0,RSI,50.0,106.02,10601.88,97.83,46
BTCUSDT_1h,RSI,30.0,BB_Exit_B,0.7,105.31,10530.94,98.46,65
BTCUSDT_1d,BB_Reversal,,BB_Exit_B,0.9,105.3,10529.72,93.33,15
BTCUSDT_1h,RSI,40.0,BB_Exit_A,,104.74,10473.98,99.15,118
BTCUSDT_1d,KAMA_SuperTrend,,BB_Exit_B,0.9,103.91,10391.24,92.86,14
BTCUSDT_1h,BB_Reversal,,RSI,60.0,103.89,10388.96,98.92,93
BTCUSDT_4h,RSI,40.0,BB_Exit_B,0.7,103.48,10347.52,96.67,30
BTCUSDT_1d,RSI,30.0,BB_Exit_B,0.85,103.2,10319.92,87.5,8
BTCUSDT_1h,RSI,30.0,BB_Exit_B,0.75,102.97,10297.16,98.44,64
BTCUSDT_1h,BB_Reversal,,RSI,50.0,102.84,10284.36,99.35,153
ETHUSDT_4h,RSI,25.0,BB_Exit_A,,102.72,10272.03,100.0,24
ETHUSDT_4h,RSI,30.0,RSI,40.0,102.19,10219.47,97.37,38
BTCUSDT_1h,RSI,30.0,BB_Exit_B,0.65,101.81,10180.79,98.48,66
BTCUSDT_1d,KAMA_SuperTrend,,BB_Exit_B,0.85,101.64,10163.66,94.44,18
BTCUSDT_1d,BB_Reversal,,RSI,60.0,100.42,10042.26,93.33,15
BTCUSDT_1h,RSI,30.0,BB_Exit_B,0.6,100.05,10005.02,98.51,67
ETHUSDT_1h,RSI,20.0,BB_Exit_B,0.8,99.24,9924.23,97.22,36
BTCUSDT_1d,BB_Reversal,,RSI,50.0,99.11,9910.61,95.0,20
ETHUSDT_1h,RSI,20.0,BB_Exit_B,0.85,98.94,9894.39,97.14,35
BTCUSDT_1d,KAMA_SuperTrend,,BB_Exit_B,0.8,98.67,9867.18,94.74,19
BTCUSDT_1d,RSI,30.0,SuperTrend,,98.25,9825.11,87.5,8
ETHUSDT_1d,RSI,40.0,RSI,50.0,97.75,9775.15,94.74,19
BTCUSDT_1h,RSI,40.0,RSI,40.0,97.33,9732.61,99.51,206
BTCUSDT_4h,BB_Reversal,,BB_Exit_B,0.6,96.26,9625.75,96.97,33
BTCUSDT_1h,BB_Reversal,,SuperTrend,,95.4,9539.75,99.06,106
BTCUSDT_1h,RSI,40.0,BB_Exit_B,0.6,95.36,9535.93,99.07,108
BTCUSDT_1d,KAMA_SuperTrend,,BB_Exit_B,0.7,95.14,9514.24,96.15,26
BTCUSDT_4h,BB_Reversal,,BB_Exit_A,,95.07,9507.34,98.28,58
ETHUSDT_1h,RSI,20.0,BB_Exit_A,,95.02,9502.34,97.87,47
BTCUSDT_1h,RSI,40.0,BB_Exit_B,0.65,94.9,9489.55,99.04,104
BTCUSDT_4h,RSI,40.0,BB_Exit_B,0.65,94.75,9474.53,97.3,37
BTCUSDT_4h,BB_Reversal,,SuperTrend,,94.57,9457.07,97.96,49
BTCUSDT_1d,RSI,30.0,RSI,60.0,94.24,9424.08,87.5,8
BTCUSDT_4h,RSI,25.0,BB_Exit_B,0.8,93.81,9380.92,100.0,22
BTCUSDT_1h,RSI,40.0,BB_Exit_B,0.7,93.56,9355.98,99.01,101
BTCUSDT_4h,RSI,30.0,SuperTrend,,93.48,9348.07,96.67,30
ETHUSDT_1d,RSI,25.0,BB_Exit_B,0.85,93.42,9342.44,100.0,3
BTCUSDT_1h,BB_Reversal,,RSI,40.0,93.4,9339.83,99.6,249
BTCUSDT_1d,RSI,40.0,RSI,45.0,92.3,9229.87,96.15,26
ETHUSDT_4h,RSI,30.0,RSI,45.0,91.83,9183.06,96.67,30
BTCUSDT_1d,KAMA_SuperTrend,,BB_Exit_B,0.6,91.15,9114.69,96.55,29
BTCUSDT_1d,KAMA_SuperTrend,,BB_Exit_B,0.65,91.15,9114.69,96.55,29
BTCUSDT_1h,RSI,40.0,BB_Exit_B,0.8,91.13,9113.01,98.9,91
ETHUSDT_1h,RSI,20.0,BB_Exit_B,0.75,90.04,9004.48,97.22,36
BTCUSDT_4h,BB_Reversal,,BB_Exit_B,0.7,89.88,8987.55,96.67,30
BTCUSDT_4h,BB_Reversal,,BB_Exit_B,0.8,89.54,8954.35,95.65,23
BTCUSDT_4h,BB_Reversal,,RSI,40.0,89.53,8953.08,98.78,82
BTCUSDT_4h,BB_Reversal,,BB_Exit_B,0.65,89.52,8951.66,96.67,30
BTCUSDT_1h,RSI,40.0,BB_Exit_B,0.75,89.36,8936.49,98.95,95
ETHUSDT_1d,KAMA_SuperTrend,,RSI,60.0,89.32,8932.06,92.86,14
ETHUSDT_4h,RSI,25.0,RSI,40.0,89.14,8914.31,100.0,24
BTCUSDT_4h,KAMA_SuperTrend,,BB_Exit_B,0.65,87.9,8790.16,97.78,45
ETHUSDT_1d,KAMA_SuperTrend,,SuperTrend,,87.81,8780.67,92.31,13
BTCUSDT_4h,RSI,25.0,RSI,45.0,87.79,8779.05,100.0,25
BTCUSDT_4h,RSI,25.0,BB_Exit_B,0.75,87.77,8777.49,100.0,22
BTCUSDT_4h,RSI,40.0,BB_Exit_B,0.85,87.54,8754.39,96.15,26
ETHUSDT_1d,KAMA_SuperTrend,,BB_Exit_B,0.75,87.14,8713.8,93.33,15
BTCUSDT_4h,RSI,25.0,BB_Exit_A,,86.77,8677.17,100.0,25
ETHUSDT_4h,RSI,20.0,RSI,45.0,86.68,8668.42,100.0,17
ETHUSDT_4h,RSI,30.0,BB_Exit_A,,86.58,8658.25,96.55,29
ETHUSDT_4h,RSI,20.0,BB_Exit_A,,86.07,8607.13,100.0,17
ETHUSDT_4h,RSI,20.0,RSI,40.0,85.97,8596.58,100.0,17
BTCUSDT_4h,KAMA_SuperTrend,,BB_Exit_B,0.8,85.96,8595.85,96.15,26
ETHUSDT_1d,RSI,40.0,RSI,45.0,85.84,8584.08,95.45,22
ETHUSDT_1d,RSI,40.0,RSI,40.0,85.18,8518.44,96.88,32
BTCUSDT_1h,RSI,30.0,BB_Exit_B,0.9,85.16,8516.14,97.87,47
BTCUSDT_4h,RSI,40.0,BB_Exit_B,0.9,85.1,8509.54,95.45,22
BTCUSDT_4h,BB_Reversal,,RSI,45.0,84.9,8490.4,98.51,67
ETHUSDT_1d,BB_Reversal,,BB_Exit_B,0.7,84.58,8457.93,92.86,14
BTCUSDT_1d,RSI,25.0,BB_Exit_B,0.9,84.34,8433.81,100.0,4
ETHUSDT_1d,BB_Reversal,,RSI,50.0,82.49,8249.19,94.74,19
ETHUSDT_1d,KAMA_SuperTrend,,BB_Exit_B,0.8,82.36,8235.61,92.31,13
ETHUSDT_4h,RSI,30.0,BB_Exit_B,0.8,81.71,8170.87,94.74,19
ETHUSDT_1h,RSI,20.0,RSI,40.0,81.02,8101.82,97.92,48
ETHUSDT_1h,RSI,20.0,RSI,45.0,80.56,8056.1,97.83,46
BTCUSDT_4h,KAMA_SuperTrend,,BB_Exit_B,0.7,80.56,8055.85,97.14,35
BTCUSDT_4h,BB_Reversal,,RSI,50.0,80.33,8033.19,98.25,57
BTCUSDT_1h,RSI,30.0,BB_Exit_B,0.85,80.24,8023.72,98.08,52
ETHUSDT_4h,RSI,30.0,BB_Exit_B,0.6,80.13,8013.22,95.0,20
ETHUSDT_1d,RSI,25.0,BB_Exit_B,0.9,78.96,7895.85,100.0,3
ETHUSDT_4h,RSI,30.0,BB_Exit_B,0.75,78.68,7867.93,94.74,19
BTCUSDT_4h,KAMA_SuperTrend,,BB_Exit_B,0.75,78.57,7857.49,96.97,33
ETHUSDT_1h,RSI,20.0,BB_Exit_B,0.7,78.34,7833.67,97.3,37
ETHUSDT_1d,RSI,40.0,RSI,60.0,78.13,7812.63,92.31,13
ETHUSDT_1d,BB_Reversal,,BB_Exit_A,,77.89,7788.98,93.75,16
BTCUSDT_1d,BB_Reversal,,RSI,45.0,77.75,7775.4,95.45,22
BTCUSDT_4h,RSI,25.0,BB_Exit_B,0.7,77.47,7747.46,100.0,24
ETHUSDT_1d,RSI,30.0,RSI,40.0,77.39,7738.82,100.0,9
BTCUSDT_1d,RSI,30.0,BB_Exit_B,0.75,77.31,7730.75,88.89,9
BTCUSDT_1h,RSI,30.0,BB_Exit_A,,77.16,7716.15,98.77,81
BTCUSDT_1d,RSI,40.0,RSI,40.0,77.05,7704.76,96.67,30
BTCUSDT_4h,BB_Reversal,,BB_Exit_B,0.85,75.45,7545.35,95.24,21
BTCUSDT_4h,KAMA_SuperTrend,,BB_Exit_B,0.85,75.02,7502.4,95.65,23
ETHUSDT_4h,RSI,20.0,SuperTrend,,74.61,7460.53,100.0,12
BTCUSDT_1h,RSI,40.0,BB_Exit_B,0.85,74.58,7457.62,98.65,74
BTCUSDT_4h,KAMA_SuperTrend,,BB_Exit_B,0.6,74.14,7413.53,97.22,36
ETHUSDT_4h,BB_Reversal,,BB_Exit_A,,73.86,7386.36,97.14,35
ETHUSDT_4h,RSI,30.0,BB_Exit_B,0.7,73.82,7382.33,94.74,19
BTCUSDT_4h,KAMA_SuperTrend,,BB_Exit_B,0.9,73.74,7374.34,94.44,18
BTCUSDT_1d,RSI,30.0,BB_Exit_B,0.8,72.57,7256.91,87.5,8
BTCUSDT_1d,BB_Reversal,,RSI,40.0,72.42,7242.12,95.65,23
BTCUSDT_4h,KAMA_SuperTrend,,RSI,40.0,72.3,7229.51,99.21,126
BTCUSDT_4h,RSI,25.0,BB_Exit_B,0.65,71.32,7131.74,100.0,24
BTCUSDT_4h,RSI,40.0,RSI,40.0,71.2,7119.78,99.07,107
ETHUSDT_1d,BB_Reversal,,BB_Exit_B,0.65,70.99,7099.01,100.0,15
ETHUSDT_4h,RSI,30.0,BB_Exit_B,0.65,70.79,7078.78,94.74,19
ETHUSDT_1d,BB_Reversal,,RSI,40.0,70.62,7061.71,100.0,23
ETHUSDT_4h,RSI,20.0,RSI,60.0,69.84,6983.97,100.0,12
ETHUSDT_1d,RSI,25.0,SuperTrend,,68.99,6899.15,100.0,3
ETHUSDT_1d,RSI,25.0,RSI,60.0,68.99,6899.15,100.0,3
ETHUSDT_1d,RSI,30.0,BB_Exit_B,0.9,68.86,6885.82,85.71,7
ETHUSDT_1h,RSI,20.0,BB_Exit_B,0.6,68.81,6880.52,100.0,39
BTCUSDT_4h,RSI,25.0,BB_Exit_B,0.6,68.59,6858.69,100.0,24
ETHUSDT_1h,RSI,20.0,BB_Exit_B,0.65,67.83,6782.63,97.37,38
BTCUSDT_1h,RSI,40.0,BB_Exit_B,0.9,67.21,6721.24,98.33,60
BTCUSDT_1d,RSI,30.0,RSI,50.0,66.78,6678.3,87.5,8
BTCUSDT_1d,RSI,30.0,BB_Exit_A,,66.2,6619.76,87.5,8
BTCUSDT_1h,RSI,30.0,RSI,45.0,66.01,6600.98,98.85,87
BTCUSDT_4h,RSI,25.0,RSI,40.0,65.54,6553.96,100.0,25
ETHUSDT_1d,BB_Reversal,,BB_Exit_B,0.6,65.45,6545.04,100.0,15
BTCUSDT_4h,KAMA_SuperTrend,,BB_Exit_A,,65.29,6528.54,98.77,81
BTCUSDT_4h,KAMA_SuperTrend,,RSI,45.0,64.41,6440.55,99.09,110
ETHUSDT_4h,RSI,20.0,RSI,50.0,64.09,6409.08,100.0,12
ETHUSDT_4h,BB_Reversal,,RSI,50.0,63.13,6312.74,97.14,35
ETHUSDT_1d,RSI,40.0,SuperTrend,,62.71,6270.69,91.67,12
BTCUSDT_1h,RSI,30.0,RSI,50.0,62.29,6229.29,98.53,68
BTCUSDT_1h,RSI,20.0,BB_Exit_B,0.8,62.24,6223.86,100.0,29
BTCUSDT_4h,RSI,20.0,RSI,60.0,61.47,6147.42,100.0,8
BTCUSDT_1h,RSI,30.0,RSI,40.0,61.2,6120.12,99.07,108
ETHUSDT_1d,RSI,30.0,BB_Exit_B,0.85,60.77,6076.8,85.71,7
BTCUSDT_4h,KAMA_SuperTrend,,RSI,50.0,60.3,6029.95,98.77,81
BTCUSDT_4h,BB_Reversal,,BB_Exit_B,0.9,59.86,5986.36,94.12,17
BTCUSDT_4h,RSI,30.0,BB_Exit_B,0.8,59.77,5976.83,96.3,27
ETHUSDT_1d,BB_Reversal,,BB_Exit_B,0.85,59.58,5958.38,90.91,11
BTCUSDT_1h,RSI,20.0,BB_Exit_B,0.75,59.5,5950.2,100.0,29
BTCUSDT_4h,RSI,30.0,BB_Exit_A,,59.21,5921.1,97.06,34
ETHUSDT_1d,RSI,30.0,BB_Exit_B,0.75,59.16,5916.43,87.5,8
ETHUSDT_1d,RSI,30.0,BB_Exit_B,0.8,59.15,5915.19,85.71,7
BTCUSDT_1h,RSI,20.0,RSI,60.0,58.8,5880.43,100.0,28
BTCUSDT_1h,RSI,20.0,BB_Exit_B,0.85,58.56,5855.53,100.0,26
BTCUSDT_1d,RSI,30.0,RSI,40.0,58.5,5850.05,88.89,9
ETHUSDT_1d,BB_Reversal,,BB_Exit_B,0.9,58.47,5847.34,88.89,9
BTCUSDT_1h,RSI,20.0,BB_Exit_B,0.9,58.33,5832.88,100.0,26
BTCUSDT_1h,RSI,25.0,BB_Exit_B,0.8,57.77,5776.53,98.0,50
ETHUSDT_1d,RSI,30.0,BB_Exit_B,0.6,57.75,5774.58,100.0,9
ETHUSDT_4h,RSI,25.0,BB_Exit_B,0.85,56.67,5667.06,92.31,13
BTCUSDT_4h,RSI,40.0,RSI,45.0,56.36,5636.45,98.46,65
ETHUSDT_1d,BB_Reversal,,SuperTrend,,56.22,5621.73,92.31,13
BTCUSDT_1h,RSI,25.0,BB_Exit_B,0.7,55.91,5590.57,98.04,51
ETHUSDT_1d,RSI,30.0,BB_Exit_B,0.65,55.87,5587.43,100.0,9
BTCUSDT_1h,RSI,20.0,BB_Exit_B,0.7,55.79,5579.16,100.0,29
BTCUSDT_1h,RSI,25.0,BB_Exit_B,0.6,55.71,5571.36,98.11,53
BTCUSDT_4h,BB_Reversal,,RSI,60.0,55.68,5567.7,97.44,39
BTCUSDT_1h,RSI,25.0,BB_Exit_B,0.75,54.83,5482.94,98.0,50
BTCUSDT_4h,RSI,30.0,RSI,50.0,54.27,5427.03,96.88,32
BTCUSDT_1h,RSI,20.0,BB_Exit_B,0.65,53.63,5362.85,100.0,29
ETHUSDT_1d,BB_Reversal,,RSI,60.0,53.25,5325.19,90.91,11
BTCUSDT_1h,RSI,25.0,BB_Exit_B,0.65,53.14,5313.99,98.08,52
BTCUSDT_1h,RSI,25.0,BB_Exit_B,0.9,52.98,5297.95,97.67,43
BTCUSDT_1d,RSI,30.0,RSI,45.0,52.92,5292.47,87.5,8
ETHUSDT_4h,BB_Reversal,,BB_Exit_B,0.65,51.9,5190.45,94.12,17
BTCUSDT_1h,RSI,20.0,BB_Exit_B,0.6,51.34,5133.8,100.0,30
BTCUSDT_1h,KAMA_SuperTrend,,BB_Exit_B,0.6,50.36,5035.88,98.86,88
BTCUSDT_4h,RSI,30.0,RSI,45.0,49.61,4960.59,97.22,36
BTCUSDT_1h,RSI,30.0,SuperTrend,,49.56,4956.25,98.15,54
BTCUSDT_1h,KAMA_SuperTrend,,BB_Exit_B,0.65,49.49,4949.12,98.8,83
BTCUSDT_4h,RSI,40.0,SuperTrend,,49.38,4937.84,97.56,41
BTCUSDT_1h,RSI,20.0,SuperTrend,,49.35,4934.64,100.0,28
BTCUSDT_1h,RSI,25.0,BB_Exit_B,0.85,48.31,4831.48,97.67,43
BTCUSDT_1h,KAMA_SuperTrend,,BB_Exit_B,0.8,48.08,4807.69,98.59,71
BTCUSDT_1h,RSI,30.0,RSI,60.0,47.91,4791.48,98.04,51
BTCUSDT_4h,RSI,20.0,SuperTrend,,47.8,4779.54,100.0,8
BTCUSDT_4h,KAMA_SuperTrend,,SuperTrend,,47.63,4762.53,96.88,32
BTCUSDT_1h,KAMA_SuperTrend,,BB_Exit_B,0.9,47.44,4743.85,98.25,57
BTCUSDT_1h,KAMA_SuperTrend,,BB_Exit_B,0.7,46.52,4652.46,98.68,76
BTCUSDT_1h,KAMA_SuperTrend,,BB_Exit_B,0.85,46.38,4638.47,98.44,64
BTCUSDT_1h,KAMA_SuperTrend,,BB_Exit_B,0.75,45.01,4501.11,98.67,75
ETHUSDT_4h,RSI,30.0,RSI,60.0,44.51,4450.82,95.24,21
BTCUSDT_4h,RSI,30.0,BB_Exit_B,0.75,44.45,4445.37,96.43,28
ETHUSDT_4h,BB_Reversal,,BB_Exit_B,0.6,44.2,4419.79,95.0,20
ETHUSDT_1h,RSI,25.0,BB_Exit_B,0.7,43.9,4390.07,96.3,27
BTCUSDT_4h,RSI,20.0,RSI,50.0,43.69,4369.4,100.0,8
ETHUSDT_1d,BB_Reversal,,RSI,45.0,43.68,4368.44,95.45,22
BTCUSDT_4h,RSI,20.0,BB_Exit_A,,43.1,4310.01,100.0,8
BTCUSDT_1h,RSI,25.0,BB_Exit_A,,42.79,4278.89,98.21,56
BTCUSDT_4h,RSI,30.0,BB_Exit_B,0.6,42.54,4254.17,96.77,31
BTCUSDT_1h,RSI,20.0,BB_Exit_A,,42.52,4251.56,100.0,29
ETHUSDT_1h,RSI,25.0,BB_Exit_B,0.65,42.04,4203.91,96.3,27
BTCUSDT_1d,RSI,30.0,BB_Exit_B,0.6,41.91,4190.66,90.0,10
ETHUSDT_4h,BB_Reversal,,BB_Exit_B,0.75,41.66,4166.31,92.31,13
ETHUSDT_4h,BB_Reversal,,BB_Exit_B,0.7,41.56,4155.77,92.31,13
BTCUSDT_4h,RSI,30.0,RSI,60.0,41.21,4121.22,95.65,23
ETHUSDT_4h,RSI,25.0,SuperTrend,,41.19,4118.74,94.44,18
BTCUSDT_4h,RSI,30.0,BB_Exit_B,0.7,40.81,4081.31,96.43,28
BTCUSDT_4h,RSI,40.0,RSI,60.0,40.67,4066.79,96.67,30
ETHUSDT_1d,RSI,25.0,RSI,50.0,40.6,4060.21,100.0,3
BTCUSDT_4h,KAMA_SuperTrend,,RSI,60.0,40.54,4053.56,97.06,34
BTCUSDT_4h,RSI,40.0,BB_Exit_A,,40.22,4021.75,97.92,48
ETHUSDT_1h,RSI,25.0,BB_Exit_B,0.6,40.18,4017.73,96.3,27
ETHUSDT_1d,RSI,25.0,RSI,45.0,39.97,3996.8,100.0,3
BTCUSDT_1d,RSI,30.0,BB_Exit_B,0.7,39.51,3951.29,88.89,9
BTCUSDT_1d,RSI,30.0,BB_Exit_B,0.65,39.51,3951.29,88.89,9
BTCUSDT_4h,RSI,40.0,RSI,50.0,38.98,3898.39,97.87,47
BTCUSDT_1h,RSI,20.0,RSI,45.0,38.36,3835.71,100.0,29
BTCUSDT_4h,RSI,30.0,BB_Exit_B,0.65,37.87,3786.71,96.43,28
BTCUSDT_1h,RSI,20.0,RSI,50.0,37.67,3767.01,100.0,28
ETHUSDT_4h,BB_Reversal,,BB_Exit_B,0.8,36.8,3679.79,91.67,12
BTCUSDT_1d,RSI,25.0,BB_Exit_B,0.85,36.4,3640.26,100.0,4
BTCUSDT_1h,RSI,20.0,RSI,40.0,35.87,3587.2,100.0,29
BTCUSDT_4h,RSI,30.0,RSI,40.0,35.72,3571.85,97.37,38
ETHUSDT_4h,BB_Reversal,,RSI,45.0,35.16,3516.0,97.37,38
ETHUSDT_4h,RSI,30.0,SuperTrend,,34.49,3448.52,95.24,21
BTCUSDT_4h,RSI,20.0,BB_Exit_B,0.85,34.47,3447.22,100.0,8
ETHUSDT_4h,RSI,25.0,RSI,60.0,34.43,3442.78,94.44,18
BTCUSDT_4h,RSI,20.0,BB_Exit_B,0.8,34.43,3442.65,100.0,8
BTCUSDT_4h,RSI,20.0,BB_Exit_B,0.75,34.26,3425.58,100.0,8
ETHUSDT_1h,RSI,40.0,RSI,40.0,34.06,3405.77,99.17,120
ETHUSDT_4h,BB_Reversal,,RSI,40.0,33.65,3364.92,97.5,40
ETHUSDT_4h,RSI,20.0,BB_Exit_B,0.85,33.59,3359.39,90.0,10
ETHUSDT_1d,RSI,25.0,BB_Exit_A,,33.29,3329.15,100.0,3
BTCUSDT_1d,RSI,25.0,SuperTrend,,33.14,3313.67,100.0,4
ETHUSDT_4h,RSI,25.0,BB_Exit_B,0.9,32.77,3277.39,88.89,9
BTCUSDT_4h,RSI,20.0,BB_Exit_B,0.9,32.71,3270.73,100.0,8
BTCUSDT_4h,RSI,20.0,RSI,45.0,32.5,3250.05,100.0,8
ETHUSDT_1h,RSI,30.0,BB_Exit_B,0.75,32.48,3248.06,97.5,40
ETHUSDT_1h,RSI,30.0,RSI,45.0,32.44,3243.62,97.96,49
BTCUSDT_1h,RSI,25.0,RSI,45.0,31.38,3138.38,98.21,56
BTCUSDT_1h,RSI,25.0,RSI,50.0,31.1,3109.69,98.15,54
BTCUSDT_4h,RSI,20.0,BB_Exit_B,0.7,30.26,3025.67,100.0,8
ETHUSDT_1h,RSI,25.0,RSI,40.0,30.18,3017.73,97.37,38
ETHUSDT_1h,RSI,40.0,RSI,45.0,29.32,2931.95,98.73,79
BTCUSDT_1h,RSI,25.0,RSI,40.0,29.22,2922.22,98.28,58
ETHUSDT_1d,RSI,25.0,RSI,40.0,29.13,2912.97,100.0,3
ETHUSDT_4h,RSI,30.0,BB_Exit_B,0.85,28.27,2826.88,90.0,10
BTCUSDT_1d,RSI,25.0,RSI,60.0,28.27,2827.22,100.0,4
BTCUSDT_1d,RSI,25.0,RSI,40.0,28.05,2804.8,100.0,4
BTCUSDT_4h,RSI,20.0,BB_Exit_B,0.6,28.0,2799.53,100.0,8
BTCUSDT_4h,RSI,20.0,BB_Exit_B,0.65,28.0,2799.53,100.0,8
BTCUSDT_4h,RSI,20.0,RSI,40.0,27.87,2787.27,100.0,8
ETHUSDT_1d,RSI,25.0,BB_Exit_B,0.6,27.32,2732.35,100.0,3
ETHUSDT_1h,RSI,30.0,BB_Exit_B,0.7,27.12,2712.04,97.62,42
ETHUSDT_1d,RSI,30.0,RSI,50.0,26.78,2678.18,83.33,6
ETHUSDT_4h,RSI,20.0,BB_Exit_B,0.9,26.56,2655.91,90.0,10
BTCUSDT_1d,RSI,25.0,RSI,50.0,26.54,2653.95,100.0,4
BTCUSDT_1d,RSI,25.0,RSI,45.0,26.1,2609.53,100.0,4
BTCUSDT_1d,RSI,25.0,BB_Exit_A,,26.1,2609.53,100.0,4
BTCUSDT_1h,RSI,25.0,RSI,60.0,25.93,2593.47,97.62,42
ETHUSDT_1d,RSI,30.0,SuperTrend,,25.88,2588.42,83.33,6
ETHUSDT_4h,KAMA_SuperTrend,,BB_Exit_B,0.65,25.36,2535.54,95.45,22
BTCUSDT_1h,RSI,25.0,SuperTrend,,25.29,2528.99,97.73,44
ETHUSDT_1d,RSI,25.0,BB_Exit_B,0.7,24.93,2492.99,100.0,3
ETHUSDT_4h,KAMA_SuperTrend,,BB_Exit_B,0.6,24.44,2443.58,95.45,22
ETHUSDT_1d,RSI,30.0,BB_Exit_A,,24.36,2435.83,85.71,7
ETHUSDT_1h,RSI,30.0,BB_Exit_B,0.6,23.71,2371.45,97.83,46
ETHUSDT_1d,RSI,25.0,BB_Exit_B,0.65,23.02,2301.95,100.0,3
ETHUSDT_1d,RSI,30.0,RSI,60.0,23.0,2300.21,83.33,6
ETHUSDT_4h,RSI,40.0,BB_Exit_B,0.65,22.65,2265.19,94.44,18
ETHUSDT_1h,RSI,30.0,BB_Exit_B,0.9,22.35,2234.54,96.43,28
ETHUSDT_1d,BB_Reversal,,BB_Exit_B,0.75,22.31,2231.32,90.91,11
ETHUSDT_1d,BB_Reversal,,BB_Exit_B,0.8,22.31,2231.32,90.91,11
ETHUSDT_1h,RSI,40.0,BB_Exit_B,0.7,21.69,2168.86,97.3,37
ETHUSDT_1h,BB_Reversal,,RSI,45.0,21.3,2129.85,99.01,101
ETHUSDT_1d,RSI,25.0,BB_Exit_B,0.8,20.99,2098.6,100.0,3
ETHUSDT_1h,RSI,40.0,BB_Exit_B,0.75,20.82,2081.76,97.22,36
ETHUSDT_1h,RSI,30.0,RSI,40.0,20.65,2065.22,98.15,54
ETHUSDT_1d,RSI,25.0,BB_Exit_B,0.75,19.98,1998.33,100.0,3
ETHUSDT_4h,KAMA_SuperTrend,,BB_Exit_B,0.9,19.94,1994.24,92.86,14
ETHUSDT_1h,RSI,25.0,BB_Exit_B,0.75,19.61,1960.93,95.65,23
ETHUSDT_4h,RSI,30.0,BB_Exit_B,0.9,19.5,1950.07,88.89,9
BTCUSDT_1d,RSI,25.0,BB_Exit_B,0.8,19.41,1940.86,100.0,4
BTCUSDT_1d,RSI,25.0,BB_Exit_B,0.75,19.31,1930.77,100.0,4
ETHUSDT_4h,KAMA_SuperTrend,,BB_Exit_B,0.75,19.22,1921.88,94.74,19
ETHUSDT_1h,RSI,40.0,BB_Exit_B,0.85,18.89,1888.78,96.3,27
ETHUSDT_4h,BB_Reversal,,RSI,60.0,18.72,1871.57,95.45,22
ETHUSDT_1h,RSI,25.0,BB_Exit_B,0.85,18.6,1859.96,95.24,21
ETHUSDT_1h,RSI,25.0,BB_Exit_B,0.9,18.58,1857.8,95.0,20
ETHUSDT_4h,RSI,40.0,BB_Exit_B,0.6,18.33,1833.06,95.0,20
ETHUSDT_1h,RSI,40.0,BB_Exit_A,,18.31,1831.0,98.08,52
BTCUSDT_1d,RSI,25.0,BB_Exit_B,0.7,18.23,1822.71,100.0,4
BTCUSDT_1d,RSI,25.0,BB_Exit_B,0.65,18.23,1822.71,100.0,4
ETHUSDT_1h,RSI,30.0,BB_Exit_B,0.8,18.22,1822.34,97.06,34
ETHUSDT_1h,RSI,40.0,RSI,50.0,17.91,1790.99,98.15,54
ETHUSDT_1d,RSI,30.0,BB_Exit_B,0.7,17.84,1784.08,87.5,8
ETHUSDT_1h,RSI,25.0,BB_Exit_B,0.8,17.82,1782.45,95.45,22
ETHUSDT_4h,RSI,40.0,BB_Exit_B,0.75,17.39,1739.19,93.75,16
ETHUSDT_1h,RSI,30.0,BB_Exit_B,0.65,17.39,1739.22,97.62,42
ETHUSDT_4h,KAMA_SuperTrend,,BB_Exit_B,0.7,17.0,1699.96,94.74,19
ETHUSDT_1d,RSI,30.0,RSI,45.0,16.86,1686.18,85.71,7
ETHUSDT_1h,BB_Reversal,,BB_Exit_B,0.7,16.14,1614.17,97.78,45
ETHUSDT_1h,RSI,30.0,BB_Exit_B,0.85,16.01,1600.5,96.43,28
ETHUSDT_4h,KAMA_SuperTrend,,BB_Exit_B,0.85,15.86,1585.54,92.86,14
ETHUSDT_4h,KAMA_SuperTrend,,BB_Exit_B,0.8,15.86,1585.54,94.12,17
ETHUSDT_4h,RSI,40.0,BB_Exit_B,0.7,15.6,1560.25,93.75,16
BTCUSDT_1d,RSI,25.0,BB_Exit_B,0.6,15.55,1554.84,100.0,4
ETHUSDT_4h,BB_Reversal,,SuperTrend,,15.04,1504.13,95.65,23
ETHUSDT_1h,RSI,30.0,BB_Exit_A,,14.98,1498.28,97.22,36
ETHUSDT_1h,RSI,40.0,BB_Exit_B,0.8,14.17,1416.76,96.3,27
ETHUSDT_1h,RSI,40.0,BB_Exit_B,0.65,13.28,1328.42,97.44,39
ETHUSDT_1h,RSI,25.0,RSI,60.0,12.51,1251.11,96.43,28
ETHUSDT_1h,BB_Reversal,,BB_Exit_B,0.8,12.35,1234.81,95.65,23
ETHUSDT_4h,RSI,40.0,BB_Exit_B,0.8,11.98,1198.45,92.86,14
ETHUSDT_4h,BB_Reversal,,BB_Exit_B,0.9,11.97,1196.65,88.89,9
ETHUSDT_1h,BB_Reversal,,BB_Exit_B,0.6,11.92,1191.79,98.33,60
ETHUSDT_4h,BB_Reversal,,BB_Exit_B,0.85,11.73,1172.69,88.89,9
ETHUSDT_1h,RSI,40.0,BB_Exit_B,0.6,11.16,1115.69,97.62,42
ETHUSDT_1h,KAMA_SuperTrend,,RSI,60.0,9.91,991.27,96.77,31
ETHUSDT_1h,RSI,40.0,SuperTrend,,9.11,911.08,97.14,35
ETHUSDT_1h,BB_Reversal,,BB_Exit_B,0.65,8.86,885.78,97.96,49
ETHUSDT_4h,RSI,40.0,BB_Exit_B,0.9,8.71,871.14,91.67,12
ETHUSDT_1h,BB_Reversal,,BB_Exit_B,0.75,8.66,866.35,95.65,23
ETHUSDT_4h,RSI,40.0,BB_Exit_B,0.85,8.48,847.89,91.67,12
ETHUSDT_1h,RSI,25.0,SuperTrend,,7.81,781.09,96.55,29
BTCUSDT_1d,RSI,20.0,SuperTrend,,7.44,744.06,100.0,1
BTCUSDT_1d,RSI,20.0,RSI,60.0,7.44,744.06,100.0,1
ETHUSDT_1h,RSI,40.0,BB_Exit_B,0.9,7.25,725.22,94.44,18
ETHUSDT_1h,RSI,40.0,RSI,60.0,6.84,683.93,96.67,30
ETHUSDT_1h,BB_Reversal,,BB_Exit_B,0.9,6.58,657.9,95.0,20
BTCUSDT_1d,RSI,20.0,RSI,45.0,6.38,638.04,100.0,1
BTCUSDT_1d,RSI,20.0,RSI,40.0,6.38,638.04,100.0,1
BTCUSDT_1d,RSI,20.0,BB_Exit_A,,6.38,638.04,100.0,1
BTCUSDT_1d,RSI,20.0,RSI,50.0,6.38,638.04,100.0,1
ETHUSDT_1h,BB_Reversal,,BB_Exit_B,0.85,6.26,625.57,95.0,20
ETHUSDT_1h,BB_Reversal,,BB_Exit_A,,5.26,526.41,98.33,60
ETHUSDT_1h,KAMA_SuperTrend,,SuperTrend,,4.54,454.15,96.55,29
ETHUSDT_1h,RSI,25.0,BB_Exit_A,,4.4,439.82,96.77,31
ETHUSDT_1d,RSI,20.0,RSI,60.0,4.35,434.52,100.0,1
ETHUSDT_1d,RSI,20.0,SuperTrend,,4.35,434.52,100.0,1
ETHUSDT_1d,RSI,20.0,RSI,45.0,4.08,408.22,100.0,1
ETHUSDT_1d,RSI,20.0,RSI,40.0,4.08,408.22,100.0,1
ETHUSDT_1d,RSI,20.0,BB_Exit_A,,4.08,408.22,100.0,1
ETHUSDT_1h,BB_Reversal,,RSI,50.0,3.71,370.95,98.41,63
ETHUSDT_1d,RSI,20.0,BB_Exit_B,0.85,2.63,262.64,100.0,1
ETHUSDT_1d,RSI,20.0,BB_Exit_B,0.7,2.63,262.64,100.0,1
ETHUSDT_1d,RSI,20.0,BB_Exit_B,0.65,2.63,262.64,100.0,1
ETHUSDT_1d,RSI,20.0,BB_Exit_B,0.6,2.63,262.64,100.0,1
ETHUSDT_1d,RSI,20.0,BB_Exit_B,0.75,2.63,262.64,100.0,1
ETHUSDT_1d,RSI,20.0,BB_Exit_B,0.9,2.63,262.64,100.0,1
ETHUSDT_1d,RSI,20.0,BB_Exit_B,0.8,2.63,262.64,100.0,1
ETHUSDT_1h,RSI,30.0,RSI,60.0,2.52,251.53,96.15,26
ETHUSDT_1h,RSI,25.0,RSI,45.0,2.31,230.67,96.77,31
BTCUSDT_1d,RSI,20.0,BB_Exit_B,0.6,0.75,74.61,100.0,1
BTCUSDT_1d,RSI,20.0,BB_Exit_B,0.65,0.75,74.61,100.0,1
BTCUSDT_1d,RSI,20.0,BB_Exit_B,0.8,0.75,74.61,100.0,1
BTCUSDT_1d,RSI,20.0,BB_Exit_B,0.9,0.75,74.61,100.0,1
BTCUSDT_1d,RSI,20.0,BB_Exit_B,0.75,0.75,74.61,100.0,1
BTCUSDT_1d,RSI,20.0,BB_Exit_B,0.7,0.75,74.61,100.0,1
BTCUSDT_1d,RSI,20.0,BB_Exit_B,0.85,0.75,74.61,100.0,1
ETHUSDT_1d,RSI,20.0,RSI,50.0,0.35,35.27,100.0,1
ETHUSDT_1h,RSI,25.0,RSI,50.0,-0.56,-55.97,96.55,29
ETHUSDT_1h,RSI,30.0,SuperTrend,,-1.63,-162.56,96.15,26
ETHUSDT_1h,KAMA_SuperTrend,,BB_Exit_B,0.9,-2.48,-247.72,95.45,22
ETHUSDT_1h,KAMA_SuperTrend,,BB_Exit_B,0.8,-2.77,-276.64,96.3,27
ETHUSDT_1h,KAMA_SuperTrend,,RSI,50.0,-2.98,-298.43,98.31,59
ETHUSDT_1h,KAMA_SuperTrend,,BB_Exit_B,0.85,-3.94,-394.19,95.65,23
ETHUSDT_1h,BB_Reversal,,RSI,60.0,-4.66,-465.87,96.0,25
ETHUSDT_1h,KAMA_SuperTrend,,BB_Exit_A,,-4.98,-497.59,97.78,45
ETHUSDT_1h,RSI,30.0,RSI,50.0,-5.2,-519.76,96.67,30
ETHUSDT_1h,KAMA_SuperTrend,,BB_Exit_B,0.75,-5.63,-563.19,96.55,29
ETHUSDT_1h,BB_Reversal,,SuperTrend,,-5.87,-586.94,96.67,30
ETHUSDT_1h,KAMA_SuperTrend,,BB_Exit_B,0.7,-6.03,-602.9,96.67,30
ETHUSDT_4h,KAMA_SuperTrend,,RSI,40.0,-6.62,-661.63,97.56,41
ETHUSDT_1h,KAMA_SuperTrend,,BB_Exit_B,0.65,-6.75,-675.3,96.88,32
ETHUSDT_4h,RSI,40.0,BB_Exit_A,,-6.83,-682.97,96.0,25
ETHUSDT_1h,KAMA_SuperTrend,,BB_Exit_B,0.6,-7.79,-779.12,97.06,34
ETHUSDT_1h,KAMA_SuperTrend,,RSI,45.0,-8.08,-807.53,98.59,71
ETHUSDT_4h,KAMA_SuperTrend,,BB_Exit_A,,-8.35,-834.65,95.65,23
ETHUSDT_4h,KAMA_SuperTrend,,RSI,50.0,-8.64,-864.3,96.15,26
ETHUSDT_4h,KAMA_SuperTrend,,RSI,60.0,-9.36,-935.85,93.75,16
ETHUSDT_4h,KAMA_SuperTrend,,RSI,45.0,-9.78,-978.3,97.22,36
ETHUSDT_1h,KAMA_SuperTrend,,RSI,40.0,-11.08,-1107.69,98.67,75
ETHUSDT_4h,KAMA_SuperTrend,,SuperTrend,,-11.09,-1108.62,93.33,15
ETHUSDT_4h,RSI,40.0,RSI,60.0,-11.31,-1131.03,93.75,16
ETHUSDT_4h,RSI,40.0,SuperTrend,,-16.12,-1612.3,94.12,17
ETHUSDT_4h,RSI,40.0,RSI,50.0,-16.16,-1616.15,94.44,18
ETHUSDT_4h,RSI,40.0,RSI,45.0,-17.24,-1723.72,96.43,28
ETHUSDT_4h,RSI,40.0,RSI,40.0,-21.6,-2160.46,96.97,33
